<!--<?xml version="1.0" encoding="UTF-8"?>-->
<!--<beans xmlns="http://www.springframework.org/schema/beans"-->
       <!--xmlns:xsi="http://www.w3.org/2001/XMLSchema-instance"-->
       <!--xmlns:context="http://www.springframework.org/schema/context"-->
       <!--xsi:schemaLocation="http://www.springframework.org/schema/beans-->
       <!--http://www.springframework.org/schema/beans/spring-beans.xsd-->
       <!--http://www.springframework.org/schema/context-->
       <!--http://www.springframework.org/schema/context/spring-context.xsd">-->

    <!--<context:property-placeholder location="classpath:jdbc.properties"/>-->

    <!--<context:component-scan base-package="org.bbs.service">-->
        <!--<context:exclude-filter type="annotation" expression="org.springframework.stereotype.Controller"/>-->
    <!--</context:component-scan>-->

    <!--<bean id="dataSource" class="org.apache.commons.dbcp.BasicDataSource" destroy-method="close">-->
        <!--<property name="driverClassName" value="${jdbc_driver}"/>-->
        <!--<property name="url" value="${jdbc_url}"/>-->
        <!--<property name="username" value="${jdbc_username}"/>-->
        <!--<property name="password" value="${jdbc_password}"/>-->
        <!--<property name="initialSize" value="${jdbc_initialSize}"/>-->
        <!--<property name="maxActive" value="${jdbc_maxActive}"/>-->
        <!--<property name="maxIdle" value="${jdbc_maxIdle}"/>-->
        <!--<property name="minIdle" value="${jdbc_minIdle}"/>-->
        <!--<property name="maxWait" value="${jdbc_maxWait}"/>-->
    <!--</bean>-->

    <!--<bean id="sqlSessionFactory" class="org.mybatis.spring.SqlSessionFactoryBean">-->
        <!--&lt;!&ndash;注入数据源&ndash;&gt;-->
        <!--<property name="dataSource" ref="dataSource"/>-->
        <!--&lt;!&ndash;载入mybatis配置文件&ndash;&gt;-->
        <!--<property name="configLocation" value="classpath:mybatis-config.xml"/>-->
        <!--&lt;!&ndash;载入配置mapper映射的xml&ndash;&gt;-->
        <!--<property name="mapperLocations" value="classpath*:mapper/*.xml"/>-->
    <!--</bean>-->

    <!--<bean class="org.mybatis.spring.mapper.MapperScannerConfigurer">-->
        <!--<property name="basePackage" value="org.bbs.dao"/>-->
        <!--<property name="sqlSessionFactoryBeanName" value="sqlSessionFactory"/>-->
    <!--</bean>-->

    <!--<bean id="transactionManager" class="org.springframework.jdbc.datasource.DataSourceTransactionManager">-->
        <!--<property name="dataSource" ref="dataSource"/>-->
    <!--</bean>-->

<!--</beans>-->