<?xml version="1.0" encoding="UTF-8" ?>
<!DOCTYPE configuration PUBLIC "-//mybatis.org//DTD Config 3.0//EN"
        "http://mybatis.org/dtd/mybatis-3-config.dtd">

<!--<configuration>-->
    <!--<typeAliases>-->
        <!--<typeAlias alias="User" type="com.excited.domain.User"/>-->
        <!--<typeAlias alias="Board" type="com.excited.domain.Board"/>-->
        <!--<typeAlias alias="UserLoginLogDao" type="com.excited.domain.UserLoginLogDao"/>-->
        <!--<typeAlias alias="Post" type="com.excited.domain.Post"/>-->
        <!--<typeAlias alias="Reply" type="com.excited.domain.Reply"/>-->
    <!--</typeAliases>-->
<!--</configuration>-->

<configuration>
<settings>
    <!-- 使用 JDBC 的 getGeneratedKeys 获取数据库自增主键值 -->
    <setting name="useGeneratedKeys" value="true"/>
    <!-- 使用列别名替换列名,默认 true.例如:select name as title from table -->
    <setting name="useColumnLabel" value="true"/>
    <!-- 开启驼峰命名转换,例如 Table(create_time) -> Entity(createTime) -->
    <setting name="mapUnderscoreToCamelCase" value="true"/>
</settings>
</configuration>