<?xml version="1.0" encoding="UTF-8" ?>
<!DOCTYPE mapper PUBLIC "-//mybatis.org//DTD Mapper 3.0//EN"
        "http://mybatis.org/dtd/mybatis-3-mapper.dtd">

<mapper namespace="org.bbs.dao.UserLoginLogDao">
    <!--User结果集-->
    <resultMap id="userLoginLogMap" type="UserLoginLog">
        <id property="loginLogId" column="login_log_id"/>
        <result property="userName" column="user_name"/>
        <result property="loginIp" column="login_ip"/>
        <result property="loginDateTime" column="login_datetime"/>
    </resultMap>

    <sql id="userLoginLog_columns">
        login_log_id,user_name,login_ip,login_datetime
    </sql>

    <!--列出所有用户登录信息-->
    <select id="listAllUserLoginLog" resultType="userLoginLog">
        SELECT
        <include refid="userLoginLog_columns"/>
        FROM t_login_log
    </select>

    <!--插入用户登录信息-->
    <insert id="addUserLoginLog" parameterType="UserLoginLog">
        INSERT INTO t_login_log
        <trim prefix="(" suffix=")" suffixOverrides=",">
            <if test="userName != null">
                user_name,
            </if>
            <if test="loginIp != null">
                login_ip,
            </if>
            <if test="loginDateTime != null">
                login_datetime
            </if>
        </trim>
        VALUES
        <trim prefix="(" suffix=")" suffixOverrides=",">
            <if test="userName != null">
                #{userName},
            </if>
            <if test="loginIp != null">
                #{loginIp},
            </if>
            <if test="loginDateTime != null">
                #{loginDateTime}
            </if>
        </trim>
    </insert>
    
</mapper>