<?xml version="1.0" encoding="UTF-8"?>
<beans xmlns="http://www.springframework.org/schema/beans"
       xmlns:xsi="http://www.w3.org/2001/XMLSchema-instance"
       xmlns:context="http://www.springframework.org/schema/context"
       xsi:schemaLocation="http://www.springframework.org/schema/beans
       http://www.springframework.org/schema/beans/spring-beans.xsd
       http://www.springframework.org/schema/context
       http://www.springframework.org/schema/context/spring-context.xsd">

    <!-- 1:配置数据库相关参数 -->
    <context:property-placeholder location="classpath:jdbc.properties"/>

    <!-- 2:配置数据库连接池 -->
    <bean id="dataSource" class="com.mchange.v2.c3p0.ComboPooledDataSource">
        <!-- 1)配置连接池属性 -->
        <property name="driverClass" value="${jdbc.driver}"/>
        <property name="jdbcUrl" value="${jdbc.url}"/>
        <property name="user" value="${jdbc.username}"/>
        <property name="password" value="${jdbc.password}"/>
        <!-- 2)c3p0私有属性 -->
        <property name="maxPoolSize" value="30"/>
        <property name="minPoolSize" value="10"/>
        <property name="autoCommitOnClose" value="false"/>
        <property name="checkoutTimeout" value="1000"/>
        <property name="acquireRetryAttempts" value="2"/>
    </bean>

    <!-- 3:配置 SqlSessionFactory 对象 -->
    <bean id="sqlSessionFactory" class="org.mybatis.spring.SqlSessionFactoryBean">
        <!-- 注入数据库连接池 -->
        <property name="dataSource" ref="dataSource"/>
        <!-- 配置 MyBatis 全局配置文件 -->
        <property name="configLocation" value="classpath:mybatis-config.xml"/>
        <!-- 为 Entity 包中的类注册别名,而不用使用全限包名 -->
        <property name="typeAliasesPackage" value="org.bbs.entity"/>
        <!-- 扫描 SQL 配置文件:mapper 需要的 XML 文件 -->
        <property name="mapperLocations" value="classpath:mapper/*.xml"/>
    </bean>

    <!-- 4:配置扫描 DAO 接口的包,目的是动态实现 DAO 接口,并注入到 Spring 容器中. -->
    <bean class="org.mybatis.spring.mapper.MapperScannerConfigurer">
        <!-- 注入 sqlSessionFactory -->
        <property name="sqlSessionFactoryBeanName" value="sqlSessionFactory"/>
        <!-- 扫描 DAO 包 -->
        <property name="basePackage" value="org.bbs.dao"/>
    </bean>

</beans>